{"cameraMode":{"drawMode":0,"name":"Shaded","section":"Shading Mode"},"sceneLighting":false,"audioPlay":false,"sceneViewState":{"showFog":true,"showMaterialUpdate":false,"showSkybox":false,"showFlares":true,"showImageEffects":true,"showParticleSystems":true},"in2DMode":false,"pivot":{"x":0.10501658171415329,"y":1.5930631160736085,"z":-1.7532150745391846},"rotation":{"x":-0.1881071776151657,"y":-0.030354786664247514,"z":0.005824003368616104,"w":-0.9817421436309815},"size":0.05692253261804581,"orthographic":false}